Workbook

Sheet 사용법
B2: 프로젝트별 P&L 관리대장 — 사용 안내
B4: 2026년부터 매년 누적 관리하는 프로젝트별 손익(수익-비용) 관리 파일입니다.
B7: ① 시트 구성
B8: · 프로젝트목록 — 진행한/진행중/진행예정 프로젝트를 한 줄씩 등록합니다.
B9: · 거래내역 — 프로젝트별 수익·비용을 발생 건별로 입력하는 원장(ledger)입니다. 실제로 입력하는 곳은 이 시트뿐입니다.
B10: · 카테고리 — 드롭다운 목록의 원본 데이터입니다. 수정하지 마세요.
B11: · 연간요약 — 프로젝트 × 연도별 매출/비용/순이익이 자동 계산되는 표입니다. (수식, 편집 금지)
B12: · 대시보드 — 전체 KPI와 그래프를 자동으로 보여줍니다. (수식, 편집 금지)
B15: ② 입력 방법
B16: 1. 프로젝트목록 시트에 프로젝트를 등록합니다. (프로젝트명, 상태, 시작일 등)
B17: 2. 거래내역 시트에 날짜·프로젝트명·카테고리·항목명·금액을 한 줄씩 입력합니다. 프로젝트명과 카테고리는 드롭다운으로 선택하세요.
B18: 3. 금액은 수익/비용 모두 양수(+)로 입력합니다. 수익인지 비용인지는 '카테고리'에 따라 자동으로 구분됩니다.
... B40: 업종 특성상 카테고리를 바꾸고 싶다면 '카테고리' 시트의 목록만 수정하면 거래내역 드롭다운에도 자동 반영됩니다.

Sheet 프로젝트목록
A1: 프로젝트ID | B1: 프로젝트명 | C1: 상태 | D1: 분야 | E1: 시작일 | F1: 종료(예정)일 | G1: 담당자 | H1: 비고
A2: =IF(B2="","","P"&TEXT(ROW()-1,"000")) -> P001 | B2: AI 도형심리 검사 서비스 | C2: 진행중 | D2: 심리테스트 SaaS | E2: 46037 | G2: 홍길동 | H2: 예시 - 실제 데이터로 교체하세요
A3: =IF(B3="","","P"&TEXT(ROW()-1,"000"))
A4: =IF(B4="","","P"&TEXT(ROW()-1,"000"))
A5: =IF(B5="","","P"&TEXT(ROW()-1,"000"))
A6: =IF(B6="","","P"&TEXT(ROW()-1,"000"))
A7: =IF(B7="","","P"&TEXT(ROW()-1,"000"))
A8: =IF(B8="","","P"&TEXT(ROW()-1,"000"))
A9: =IF(B9="","","P"&TEXT(ROW()-1,"000"))
A10: =IF(B10="","","P"&TEXT(ROW()-1,"000"))
A11: =IF(B11="","","P"&TEXT(ROW()-1,"000"))
A12: =IF(B12="","","P"&TEXT(ROW()-1,"000"))
A13: =IF(B13="","","P"&TEXT(ROW()-1,"000"))
A14: =IF(B14="","","P"&TEXT(ROW()-1,"000"))
... A200: =IF(B200="","","P"&TEXT(ROW()-1,"000"))

Sheet 거래내역
A1: 번호 | B1: 날짜 | C1: 연도 | D1: 프로젝트명 | E1: 카테고리 | F1: 구분 | G1: 항목명 | H1: 금액(원) | I1: 통화 | J1: 비고
A2: =IF(B2="","",ROW()-1) -> 1 | B2: 46063 | C2: =IF(B2="","",YEAR(B2)) -> 2026 | D2: AI 도형심리 검사 서비스 | E2: 매출 | F2: =IF(E2="","",IFERROR(INDEX(카테고리!$B$2:$B$8,MATCH(E2,카테고리!$A$2:$A$8,0)),"")) -> 수익 | G2: 2월 정기결제 매출 | H2: 1250000 | I2: KRW | J2: 예시 - 실제 데이터로 교체하세요
A3: =IF(B3="","",ROW()-1) -> 2 | B3: 46065 | C3: =IF(B3="","",YEAR(B3)) -> 2026 | D3: AI 도형심리 검사 서비스 | E3: 인프라·툴비용 | F3: =IF(E3="","",IFERROR(INDEX(카테고리!$B$2:$B$8,MATCH(E3,카테고리!$A$2:$A$8,0)),"")) -> 비용 | G3: 서버/API 비용 | H3: 180000 | I3: KRW | J3: 예시 - 실제 데이터로 교체하세요
A4: =IF(B4="","",ROW()-1) | C4: =IF(B4="","",YEAR(B4)) | F4: =IF(E4="","",IFERROR(INDEX(카테고리!$B$2:$B$8,MATCH(E4,카테고리!$A$2:$A$8,0)),""))
A5: =IF(B5="","",ROW()-1) | C5: =IF(B5="","",YEAR(B5)) | F5: =IF(E5="","",IFERROR(INDEX(카테고리!$B$2:$B$8,MATCH(E5,카테고리!$A$2:$A$8,0)),""))
A6: =IF(B6="","",ROW()-1) | C6: =IF(B6="","",YEAR(B6)) | F6: =IF(E6="","",IFERROR(INDEX(카테고리!$B$2:$B$8,MATCH(E6,카테고리!$A$2:$A$8,0)),""))
A7: =IF(B7="","",ROW()-1) | C7: =IF(B7="","",YEAR(B7)) | F7: =IF(E7="","",IFERROR(INDEX(카테고리!$B$2:$B$8,MATCH(E7,카테고리!$A$2:$A$8,0)),""))
A8: =IF(B8="","",ROW()-1) | C8: =IF(B8="","",YEAR(B8)) | F8: =IF(E8="","",IFERROR(INDEX(카테고리!$B$2:$B$8,MATCH(E8,카테고리!$A$2:$A$8,0)),""))
A9: =IF(B9="","",ROW()-1) | C9: =IF(B9="","",YEAR(B9)) | F9: =IF(E9="","",IFERROR(INDEX(카테고리!$B$2:$B$8,MATCH(E9,카테고리!$A$2:$A$8,0)),""))
A10: =IF(B10="","",ROW()-1) | C10: =IF(B10="","",YEAR(B10)) | F10: =IF(E10="","",IFERROR(INDEX(카테고리!$B$2:$B$8,MATCH(E10,카테고리!$A$2:$A$8,0)),""))
A11: =IF(B11="","",ROW()-1) | C11: =IF(B11="","",YEAR(B11)) | F11: =IF(E11="","",IFERROR(INDEX(카테고리!$B$2:$B$8,MATCH(E11,카테고리!$A$2:$A$8,0)),""))
A12: =IF(B12="","",ROW()-1) | C12: =IF(B12="","",YEAR(B12)) | F12: =IF(E12="","",IFERROR(INDEX(카테고리!$B$2:$B$8,MATCH(E12,카테고리!$A$2:$A$8,0)),""))
A13: =IF(B13="","",ROW()-1) | C13: =IF(B13="","",YEAR(B13)) | F13: =IF(E13="","",IFERROR(INDEX(카테고리!$B$2:$B$8,MATCH(E13,카테고리!$A$2:$A$8,0)),""))
A14: =IF(B14="","",ROW()-1) | C14: =IF(B14="","",YEAR(B14)) | F14: =IF(E14="","",IFERROR(INDEX(카테고리!$B$2:$B$8,MATCH(E14,카테고리!$A$2:$A$8,0)),""))
A15: =IF(B15="","",ROW()-1) | C15: =IF(B15="","",YEAR(B15)) | F15: =IF(E15="","",IFERROR(INDEX(카테고리!$B$2:$B$8,MATCH(E15,카테고리!$A$2:$A$8,0)),""))
... A500: =IF(B500="","",ROW()-1) | C500: =IF(B500="","",YEAR(B500)) | F500: =IF(E500="","",IFERROR(INDEX(카테고리!$B$2:$B$8,MATCH(E500,카테고리!$A$2:$A$8,0)),""))

Sheet 카테고리
A1: 카테고리명 | B1: 구분 | D1: 상태목록 | F1: 통화목록 | H1: ※ 이 시트는 드롭다운 목록의 원본입니다. 값을 바꾸면 거래내역/프로젝트목록의 선택지도 함께 바뀝니다.
A2: 매출 | B2: 수익 | D2: 진행완료 | F2: KRW
A3: 기타수익 | B3: 수익 | D3: 진행중 | F3: USD
A4: 매출원가 | B4: 비용 | D4: 진행예정
A5: 인건비·외주비 | B5: 비용
A6: 마케팅비 | B6: 비용
A7: 인프라·툴비용 | B7: 비용
A8: 기타경비 | B8: 비용

Sheet 연간요약
B1: 프로젝트별 연간 P&L 요약 (자동 계산 · 거래내역 시트 기반 · 편집하지 마세요)
D2: 2026년 | G2: 2027년 | J2: 2028년 | M2: 2029년 | P2: 2030년 | S2: 전체 누적
D3: 매출 | E3: 비용 | F3: 순이익 | G3: 매출 | H3: 비용 | I3: 순이익 | J3: 매출 | K3: 비용 | L3: 순이익 | M3: 매출 | N3: 비용 | O3: 순이익 | P3: 매출 | Q3: 비용 | R3: 순이익 | S3: 누적매출 | T3: 누적비용 | U3: 누적순이익 | V3: 이익률
B4: =IF(프로젝트목록!B2="","",프로젝트목록!B2) -> AI 도형심리 검사 서비스 | C4: =IF(프로젝트목록!B2="","",프로젝트목록!C2) -> 진행중 | D4: =IF($B4="","",SUMIFS(거래내역!$H$2:$H$501,거래내역!$D$2:$D$501,$B4,거래내역!$C$2:$C$501,2026,거래내역!$F$2:$F$501,"수익")) -> 1250000 | E4: =IF($B4="","",SUMIFS(거래내역!$H$2:$H$501,거래내역!$D$2:$D$501,$B4,거래내역!$C$2:$C$501,2026,거래내역!$F$2:$F$501,"비용")) -> 180000 | F4: =IF($B4="","",D4-E4) -> 1070000 | G4: =IF($B4="","",SUMIFS(거래내역!$H$2:$H$501,거래내역!$D$2:$D$501,$B4,거래내역!$C$2:$C$501,2027,거래내역!$F$2:$F$501,"수익")) -> 0 | H4: =IF($B4="","",SUMIFS(거래내역!$H$2:$H$501,거래내역!$D$2:$D$501,$B4,거래내역!$C$2:$C$501,2027,거래내역!$F$2:$F$501,"비용")) -> 0 | I4: =IF($B4="","",G4-H4) -> 0 | J4: =IF($B4="","",SUMIFS(거래내역!$H$2:$H$501,거래내역!$D$2:$D$501,$B4,거래내역!$C$2:$C$501,2028,거래내역!$F$2:$F$501,"수익")) -> 0 | K4: =IF($B4="","",SUMIFS(거래내역!$H$2:$H$501,거래내역!$D$2:$D$501,$B4,거래내역!$C$2:$C$501,2028,거래내역!$F$2:$F$501,"비용")) -> 0 | L4: =IF($B4="","",J4-K4) -> 0 | M4: =IF($B4="","",SUMIFS(거래내역!$H$2:$H$501,거래내역!$D$2:$D$501,$B4,거래내역!$C$2:$C$501,2029,거래내역!$F$2:$F$501,"수익")) -> 0 | N4: =IF($B4="","",SUMIFS(거래내역!$H$2:$H$501,거래내역!$D$2:$D$501,$B4,거래내역!$C$2:$C$501,2029,거래내역!$F$2:$F$501,"비용")) -> 0 | O4: =IF($B4="","",M4-N4) -> 0 | P4: =IF($B4="","",SUMIFS(거래내역!$H$2:$H$501,거래내역!$D$2:$D$501,$B4,거래내역!$C$2:$C$501,2030,거래내역!$F$2:$F$501,"수익")) -> 0 | Q4: =IF($B4="","",SUMIFS(거래내역!$H$2:$H$501,거래내역!$D$2:$D$501,$B4,거래내역!$C$2:$C$501,2030,거래내역!$F$2:$F$501,"비용")) -> 0 | R4: =IF($B4="","",P4-Q4) -> 0 | S4: =IF($B4="","",SUMIFS(거래내역!$H$2:$H$501,거래내역!$D$2:$D$501,$B4,거래내역!$F$2:$F$501,"수익")) -> 1250000 | T4: =IF($B4="","",SUMIFS(거래내역!$H$2:$H$501,거래내역!$D$2:$D$501,$B4,거래내역!$F$2:$F$501,"비용")) -> 180000 | U4: =IF($B4="","",S4-T4) -> 1070000 | V4: =IF(OR($B4="",S4=0),"",U4/S4) -> 0.856
B5: =IF(프로젝트목록!B3="","",프로젝트목록!B3) | C5: =IF(프로젝트목록!B3="","",프로젝트목록!C3) | D5: =IF($B5="","",SUMIFS(거래내역!$H$2:$H$501,거래내역!$D$2:$D$501,$B5,거래내역!$C$2:$C$501,2026,거래내역!$F$2:$F$501,"수익")) | E5: =IF($B5="","",SUMIFS(거래내역!$H$2:$H$501,거래내역!$D$2:$D$501,$B5,거래내역!$C$2:$C$501,2026,거래내역!$F$2:$F$501,"비용")) | F5: =IF($B5="","",D5-E5) | G5: =IF($B5="","",SUMIFS(거래내역!$H$2:$H$501,거래내역!$D$2:$D$501,$B5,거래내역!$C$2:$C$501,2027,거래내역!$F$2:$F$501,"수익")) | H5: =IF($B5="","",SUMIFS(거래내역!$H$2:$H$501,거래내역!$D$2:$D$501,$B5,거래내역!$C$2:$C$501,2027,거래내역!$F$2:$F$501,"비용")) | I5: =IF($B5="","",G5-H5) | J5: =IF($B5="","",SUMIFS(거래내역!$H$2:$H$501,거래내역!$D$2:$D$501,$B5,거래내역!$C$2:$C$501,2028,거래내역!$F$2:$F$501,"수익")) | K5: =IF($B5="","",SUMIFS(거래내역!$H$2:$H$501,거래내역!$D$2:$D$501,$B5,거래내역!$C$2:$C$501,2028,거래내역!$F$2:$F$501,"비용")) | L5: =IF($B5="","",J5-K5) | M5: =IF($B5="","",SUMIFS(거래내역!$H$2:$H$501,거래내역!$D$2:$D$501,$B5,거래내역!$C$2:$C$501,2029,거래내역!$F$2:$F$501,"수익")) | N5: =IF($B5="","",SUMIFS(거래내역!$H$2:$H$501,거래내역!$D$2:$D$501,$B5,거래내역!$C$2:$C$501,2029,거래내역!$F$2:$F$501,"비용")) | O5: =IF($B5="","",M5-N5) | P5: =IF($B5="","",SUMIFS(거래내역!$H$2:$H$501,거래내역!$D$2:$D$501,$B5,거래내역!$C$2:$C$501,2030,거래내역!$F$2:$F$501,"수익")) | Q5: =IF($B5="","",SUMIFS(거래내역!$H$2:$H$501,거래내역!$D$2:$D$501,$B5,거래내역!$C$2:$C$501,2030,거래내역!$F$2:$F$501,"비용")) | R5: =IF($B5="","",P5-Q5) | S5: =IF($B5="","",SUMIFS(거래내역!$H$2:$H$501,거래내역!$D$2:$D$501,$B5,거래내역!$F$2:$F$501,"수익")) | T5: =IF($B5="","",SUMIFS(거래내역!$H$2:$H$501,거래내역!$D$2:$D$501,$B5,거래내역!$F$2:$F$501,"비용")) | U5: =IF($B5="","",S5-T5) | V5: =IF(OR($B5="",S5=0),"",U5/S5)
B6: =IF(프로젝트목록!B4="","",프로젝트목록!B4) | C6: =IF(프로젝트목록!B4="","",프로젝트목록!C4) | D6: =IF($B6="","",SUMIFS(거래내역!$H$2:$H$501,거래내역!$D$2:$D$501,$B6,거래내역!$C$2:$C$501,2026,거래내역!$F$2:$F$501,"수익")) | E6: =IF($B6="","",SUMIFS(거래내역!$H$2:$H$501,거래내역!$D$2:$D$501,$B6,거래내역!$C$2:$C$501,2026,거래내역!$F$2:$F$501,"비용")) | F6: =IF($B6="","",D6-E6) | G6: =IF($B6="","",SUMIFS(거래내역!$H$2:$H$501,거래내역!$D$2:$D$501,$B6,거래내역!$C$2:$C$501,2027,거래내역!$F$2:$F$501,"수익")) | H6: =IF($B6="","",SUMIFS(거래내역!$H$2:$H$501,거래내역!$D$2:$D$501,$B6,거래내역!$C$2:$C$501,2027,거래내역!$F$2:$F$501,"비용")) | I6: =IF($B6="","",G6-H6) | J6: =IF($B6="","",SUMIFS(거래내역!$H$2:$H$501,거래내역!$D$2:$D$501,$B6,거래내역!$C$2:$C$501,2028,거래내역!$F$2:$F$501,"수익")) | K6: =IF($B6="","",SUMIFS(거래내역!$H$2:$H$501,거래내역!$D$2:$D$501,$B6,거래내역!$C$2:$C$501,2028,거래내역!$F$2:$F$501,"비용")) | L6: =IF($B6="","",J6-K6) | M6: =IF($B6="","",SUMIFS(거래내역!$H$2:$H$501,거래내역!$D$2:$D$501,$B6,거래내역!$C$2:$C$501,2029,거래내역!$F$2:$F$501,"수익")) | N6: =IF($B6="","",SUMIFS(거래내역!$H$2:$H$501,거래내역!$D$2:$D$501,$B6,거래내역!$C$2:$C$501,2029,거래내역!$F$2:$F$501,"비용")) | O6: =IF($B6="","",M6-N6) | P6: =IF($B6="","",SUMIFS(거래내역!$H$2:$H$501,거래내역!$D$2:$D$501,$B6,거래내역!$C$2:$C$501,2030,거래내역!$F$2:$F$501,"수익")) | Q6: =IF($B6="","",SUMIFS(거래내역!$H$2:$H$501,거래내역!$D$2:$D$501,$B6,거래내역!$C$2:$C$501,2030,거래내역!$F$2:$F$501,"비용")) | R6: =IF($B6="","",P6-Q6) | S6: =IF($B6="","",SUMIFS(거래내역!$H$2:$H$501,거래내역!$D$2:$D$501,$B6,거래내역!$F$2:$F$501,"수익")) | T6: =IF($B6="","",SUMIFS(거래내역!$H$2:$H$501,거래내역!$D$2:$D$501,$B6,거래내역!$F$2:$F$501,"비용")) | U6: =IF($B6="","",S6-T6) | V6: =IF(OR($B6="",S6=0),"",U6/S6)
B7: =IF(프로젝트목록!B5="","",프로젝트목록!B5) | C7: =IF(프로젝트목록!B5="","",프로젝트목록!C5) | D7: =IF($B7="","",SUMIFS(거래내역!$H$2:$H$501,거래내역!$D$2:$D$501,$B7,거래내역!$C$2:$C$501,2026,거래내역!$F$2:$F$501,"수익")) | E7: =IF($B7="","",SUMIFS(거래내역!$H$2:$H$501,거래내역!$D$2:$D$501,$B7,거래내역!$C$2:$C$501,2026,거래내역!$F$2:$F$501,"비용")) | F7: =IF($B7="","",D7-E7) | G7: =IF($B7="","",SUMIFS(거래내역!$H$2:$H$501,거래내역!$D$2:$D$501,$B7,거래내역!$C$2:$C$501,2027,거래내역!$F$2:$F$501,"수익")) | H7: =IF($B7="","",SUMIFS(거래내역!$H$2:$H$501,거래내역!$D$2:$D$501,$B7,거래내역!$C$2:$C$501,2027,거래내역!$F$2:$F$501,"비용")) | I7: =IF($B7="","",G7-H7) | J7: =IF($B7="","",SUMIFS(거래내역!$H$2:$H$501,거래내역!$D$2:$D$501,$B7,거래내역!$C$2:$C$501,2028,거래내역!$F$2:$F$501,"수익")) | K7: =IF($B7="","",SUMIFS(거래내역!$H$2:$H$501,거래내역!$D$2:$D$501,$B7,거래내역!$C$2:$C$501,2028,거래내역!$F$2:$F$501,"비용")) | L7: =IF($B7="","",J7-K7) | M7: =IF($B7="","",SUMIFS(거래내역!$H$2:$H$501,거래내역!$D$2:$D$501,$B7,거래내역!$C$2:$C$501,2029,거래내역!$F$2:$F$501,"수익")) | N7: =IF($B7="","",SUMIFS(거래내역!$H$2:$H$501,거래내역!$D$2:$D$501,$B7,거래내역!$C$2:$C$501,2029,거래내역!$F$2:$F$501,"비용")) | O7: =IF($B7="","",M7-N7) | P7: =IF($B7="","",SUMIFS(거래내역!$H$2:$H$501,거래내역!$D$2:$D$501,$B7,거래내역!$C$2:$C$501,2030,거래내역!$F$2:$F$501,"수익")) | Q7: =IF($B7="","",SUMIFS(거래내역!$H$2:$H$501,거래내역!$D$2:$D$501,$B7,거래내역!$C$2:$C$501,2030,거래내역!$F$2:$F$501,"비용")) | R7: =IF($B7="","",P7-Q7) | S7: =IF($B7="","",SUMIFS(거래내역!$H$2:$H$501,거래내역!$D$2:$D$501,$B7,거래내역!$F$2:$F$501,"수익")) | T7: =IF($B7="","",SUMIFS(거래내역!$H$2:$H$501,거래내역!$D$2:$D$501,$B7,거래내역!$F$2:$F$501,"비용")) | U7: =IF($B7="","",S7-T7) | V7: =IF(OR($B7="",S7=0),"",U7/S7)
B8: =IF(프로젝트목록!B6="","",프로젝트목록!B6) | C8: =IF(프로젝트목록!B6="","",프로젝트목록!C6) | D8: =IF($B8="","",SUMIFS(거래내역!$H$2:$H$501,거래내역!$D$2:$D$501,$B8,거래내역!$C$2:$C$501,2026,거래내역!$F$2:$F$501,"수익")) | E8: =IF($B8="","",SUMIFS(거래내역!$H$2:$H$501,거래내역!$D$2:$D$501,$B8,거래내역!$C$2:$C$501,2026,거래내역!$F$2:$F$501,"비용")) | F8: =IF($B8="","",D8-E8) | G8: =IF($B8="","",SUMIFS(거래내역!$H$2:$H$501,거래내역!$D$2:$D$501,$B8,거래내역!$C$2:$C$501,2027,거래내역!$F$2:$F$501,"수익")) | H8: =IF($B8="","",SUMIFS(거래내역!$H$2:$H$501,거래내역!$D$2:$D$501,$B8,거래내역!$C$2:$C$501,2027,거래내역!$F$2:$F$501,"비용")) | I8: =IF($B8="","",G8-H8) | J8: =IF($B8="","",SUMIFS(거래내역!$H$2:$H$501,거래내역!$D$2:$D$501,$B8,거래내역!$C$2:$C$501,2028,거래내역!$F$2:$F$501,"수익")) | K8: =IF($B8="","",SUMIFS(거래내역!$H$2:$H$501,거래내역!$D$2:$D$501,$B8,거래내역!$C$2:$C$501,2028,거래내역!$F$2:$F$501,"비용")) | L8: =IF($B8="","",J8-K8) | M8: =IF($B8="","",SUMIFS(거래내역!$H$2:$H$501,거래내역!$D$2:$D$501,$B8,거래내역!$C$2:$C$501,2029,거래내역!$F$2:$F$501,"수익")) | N8: =IF($B8="","",SUMIFS(거래내역!$H$2:$H$501,거래내역!$D$2:$D$501,$B8,거래내역!$C$2:$C$501,2029,거래내역!$F$2:$F$501,"비용")) | O8: =IF($B8="","",M8-N8) | P8: =IF($B8="","",SUMIFS(거래내역!$H$2:$H$501,거래내역!$D$2:$D$501,$B8,거래내역!$C$2:$C$501,2030,거래내역!$F$2:$F$501,"수익")) | Q8: =IF($B8="","",SUMIFS(거래내역!$H$2:$H$501,거래내역!$D$2:$D$501,$B8,거래내역!$C$2:$C$501,2030,거래내역!$F$2:$F$501,"비용")) | R8: =IF($B8="","",P8-Q8) | S8: =IF($B8="","",SUMIFS(거래내역!$H$2:$H$501,거래내역!$D$2:$D$501,$B8,거래내역!$F$2:$F$501,"수익")) | T8: =IF($B8="","",SUMIFS(거래내역!$H$2:$H$501,거래내역!$D$2:$D$501,$B8,거래내역!$F$2:$F$501,"비용")) | U8: =IF($B8="","",S8-T8) | V8: =IF(OR($B8="",S8=0),"",U8/S8)
B9: =IF(프로젝트목록!B7="","",프로젝트목록!B7) | C9: =IF(프로젝트목록!B7="","",프로젝트목록!C7) | D9: =IF($B9="","",SUMIFS(거래내역!$H$2:$H$501,거래내역!$D$2:$D$501,$B9,거래내역!$C$2:$C$501,2026,거래내역!$F$2:$F$501,"수익")) | E9: =IF($B9="","",SUMIFS(거래내역!$H$2:$H$501,거래내역!$D$2:$D$501,$B9,거래내역!$C$2:$C$501,2026,거래내역!$F$2:$F$501,"비용")) | F9: =IF($B9="","",D9-E9) | G9: =IF($B9="","",SUMIFS(거래내역!$H$2:$H$501,거래내역!$D$2:$D$501,$B9,거래내역!$C$2:$C$501,2027,거래내역!$F$2:$F$501,"수익")) | H9: =IF($B9="","",SUMIFS(거래내역!$H$2:$H$501,거래내역!$D$2:$D$501,$B9,거래내역!$C$2:$C$501,2027,거래내역!$F$2:$F$501,"비용")) | I9: =IF($B9="","",G9-H9) | J9: =IF($B9="","",SUMIFS(거래내역!$H$2:$H$501,거래내역!$D$2:$D$501,$B9,거래내역!$C$2:$C$501,2028,거래내역!$F$2:$F$501,"수익")) | K9: =IF($B9="","",SUMIFS(거래내역!$H$2:$H$501,거래내역!$D$2:$D$501,$B9,거래내역!$C$2:$C$501,2028,거래내역!$F$2:$F$501,"비용")) | L9: =IF($B9="","",J9-K9) | M9: =IF($B9="","",SUMIFS(거래내역!$H$2:$H$501,거래내역!$D$2:$D$501,$B9,거래내역!$C$2:$C$501,2029,거래내역!$F$2:$F$501,"수익")) | N9: =IF($B9="","",SUMIFS(거래내역!$H$2:$H$501,거래내역!$D$2:$D$501,$B9,거래내역!$C$2:$C$501,2029,거래내역!$F$2:$F$501,"비용")) | O9: =IF($B9="","",M9-N9) | P9: =IF($B9="","",SUMIFS(거래내역!$H$2:$H$501,거래내역!$D$2:$D$501,$B9,거래내역!$C$2:$C$501,2030,거래내역!$F$2:$F$501,"수익")) | Q9: =IF($B9="","",SUMIFS(거래내역!$H$2:$H$501,거래내역!$D$2:$D$501,$B9,거래내역!$C$2:$C$501,2030,거래내역!$F$2:$F$501,"비용")) | R9: =IF($B9="","",P9-Q9) | S9: =IF($B9="","",SUMIFS(거래내역!$H$2:$H$501,거래내역!$D$2:$D$501,$B9,거래내역!$F$2:$F$501,"수익")) | T9: =IF($B9="","",SUMIFS(거래내역!$H$2:$H$501,거래내역!$D$2:$D$501,$B9,거래내역!$F$2:$F$501,"비용")) | U9: =IF($B9="","",S9-T9) | V9: =IF(OR($B9="",S9=0),"",U9/S9)
B10: =IF(프로젝트목록!B8="","",프로젝트목록!B8) | C10: =IF(프로젝트목록!B8="","",프로젝트목록!C8) | D10: =IF($B10="","",SUMIFS(거래내역!$H$2:$H$501,거래내역!$D$2:$D$501,$B10,거래내역!$C$2:$C$501,2026,거래내역!$F$2:$F$501,"수익")) | E10: =IF($B10="","",SUMIFS(거래내역!$H$2:$H$501,거래내역!$D$2:$D$501,$B10,거래내역!$C$2:$C$501,2026,거래내역!$F$2:$F$501,"비용")) | F10: =IF($B10="","",D10-E10) | G10: =IF($B10="","",SUMIFS(거래내역!$H$2:$H$501,거래내역!$D$2:$D$501,$B10,거래내역!$C$2:$C$501,2027,거래내역!$F$2:$F$501,"수익")) | H10: =IF($B10="","",SUMIFS(거래내역!$H$2:$H$501,거래내역!$D$2:$D$501,$B10,거래내역!$C$2:$C$501,2027,거래내역!$F$2:$F$501,"비용")) | I10: =IF($B10="","",G10-H10) | J10: =IF($B10="","",SUMIFS(거래내역!$H$2:$H$501,거래내역!$D$2:$D$501,$B10,거래내역!$C$2:$C$501,2028,거래내역!$F$2:$F$501,"수익")) | K10: =IF($B10="","",SUMIFS(거래내역!$H$2:$H$501,거래내역!$D$2:$D$501,$B10,거래내역!$C$2:$C$501,2028,거래내역!$F$2:$F$501,"비용")) | L10: =IF($B10="","",J10-K10) | M10: =IF($B10="","",SUMIFS(거래내역!$H$2:$H$501,거래내역!$D$2:$D$501,$B10,거래내역!$C$2:$C$501,2029,거래내역!$F$2:$F$501,"수익")) | N10: =IF($B10="","",SUMIFS(거래내역!$H$2:$H$501,거래내역!$D$2:$D$501,$B10,거래내역!$C$2:$C$501,2029,거래내역!$F$2:$F$501,"비용")) | O10: =IF($B10="","",M10-N10) | P10: =IF($B10="","",SUMIFS(거래내역!$H$2:$H$501,거래내역!$D$2:$D$501,$B10,거래내역!$C$2:$C$501,2030,거래내역!$F$2:$F$501,"수익")) | Q10: =IF($B10="","",SUMIFS(거래내역!$H$2:$H$501,거래내역!$D$2:$D$501,$B10,거래내역!$C$2:$C$501,2030,거래내역!$F$2:$F$501,"비용")) | R10: =IF($B10="","",P10-Q10) | S10: =IF($B10="","",SUMIFS(거래내역!$H$2:$H$501,거래내역!$D$2:$D$501,$B10,거래내역!$F$2:$F$501,"수익")) | T10: =IF($B10="","",SUMIFS(거래내역!$H$2:$H$501,거래내역!$D$2:$D$501,$B10,거래내역!$F$2:$F$501,"비용")) | U10: =IF($B10="","",S10-T10) | V10: =IF(OR($B10="",S10=0),"",U10/S10)
B11: =IF(프로젝트목록!B9="","",프로젝트목록!B9) | C11: =IF(프로젝트목록!B9="","",프로젝트목록!C9) | D11: =IF($B11="","",SUMIFS(거래내역!$H$2:$H$501,거래내역!$D$2:$D$501,$B11,거래내역!$C$2:$C$501,2026,거래내역!$F$2:$F$501,"수익")) | E11: =IF($B11="","",SUMIFS(거래내역!$H$2:$H$501,거래내역!$D$2:$D$501,$B11,거래내역!$C$2:$C$501,2026,거래내역!$F$2:$F$501,"비용")) | F11: =IF($B11="","",D11-E11) | G11: =IF($B11="","",SUMIFS(거래내역!$H$2:$H$501,거래내역!$D$2:$D$501,$B11,거래내역!$C$2:$C$501,2027,거래내역!$F$2:$F$501,"수익")) | H11: =IF($B11="","",SUMIFS(거래내역!$H$2:$H$501,거래내역!$D$2:$D$501,$B11,거래내역!$C$2:$C$501,2027,거래내역!$F$2:$F$501,"비용")) | I11: =IF($B11="","",G11-H11) | J11: =IF($B11="","",SUMIFS(거래내역!$H$2:$H$501,거래내역!$D$2:$D$501,$B11,거래내역!$C$2:$C$501,2028,거래내역!$F$2:$F$501,"수익")) | K11: =IF($B11="","",SUMIFS(거래내역!$H$2:$H$501,거래내역!$D$2:$D$501,$B11,거래내역!$C$2:$C$501,2028,거래내역!$F$2:$F$501,"비용")) | L11: =IF($B11="","",J11-K11) | M11: =IF($B11="","",SUMIFS(거래내역!$H$2:$H$501,거래내역!$D$2:$D$501,$B11,거래내역!$C$2:$C$501,2029,거래내역!$F$2:$F$501,"수익")) | N11: =IF($B11="","",SUMIFS(거래내역!$H$2:$H$501,거래내역!$D$2:$D$501,$B11,거래내역!$C$2:$C$501,2029,거래내역!$F$2:$F$501,"비용")) | O11: =IF($B11="","",M11-N11) | P11: =IF($B11="","",SUMIFS(거래내역!$H$2:$H$501,거래내역!$D$2:$D$501,$B11,거래내역!$C$2:$C$501,2030,거래내역!$F$2:$F$501,"수익")) | Q11: =IF($B11="","",SUMIFS(거래내역!$H$2:$H$501,거래내역!$D$2:$D$501,$B11,거래내역!$C$2:$C$501,2030,거래내역!$F$2:$F$501,"비용")) | R11: =IF($B11="","",P11-Q11) | S11: =IF($B11="","",SUMIFS(거래내역!$H$2:$H$501,거래내역!$D$2:$D$501,$B11,거래내역!$F$2:$F$501,"수익")) | T11: =IF($B11="","",SUMIFS(거래내역!$H$2:$H$501,거래내역!$D$2:$D$501,$B11,거래내역!$F$2:$F$501,"비용")) | U11: =IF($B11="","",S11-T11) | V11: =IF(OR($B11="",S11=0),"",U11/S11)
B12: =IF(프로젝트목록!B10="","",프로젝트목록!B10) | C12: =IF(프로젝트목록!B10="","",프로젝트목록!C10) | D12: =IF($B12="","",SUMIFS(거래내역!$H$2:$H$501,거래내역!$D$2:$D$501,$B12,거래내역!$C$2:$C$501,2026,거래내역!$F$2:$F$501,"수익")) | E12: =IF($B12="","",SUMIFS(거래내역!$H$2:$H$501,거래내역!$D$2:$D$501,$B12,거래내역!$C$2:$C$501,2026,거래내역!$F$2:$F$501,"비용")) | F12: =IF($B12="","",D12-E12) | G12: =IF($B12="","",SUMIFS(거래내역!$H$2:$H$501,거래내역!$D$2:$D$501,$B12,거래내역!$C$2:$C$501,2027,거래내역!$F$2:$F$501,"수익")) | H12: =IF($B12="","",SUMIFS(거래내역!$H$2:$H$501,거래내역!$D$2:$D$501,$B12,거래내역!$C$2:$C$501,2027,거래내역!$F$2:$F$501,"비용")) | I12: =IF($B12="","",G12-H12) | J12: =IF($B12="","",SUMIFS(거래내역!$H$2:$H$501,거래내역!$D$2:$D$501,$B12,거래내역!$C$2:$C$501,2028,거래내역!$F$2:$F$501,"수익")) | K12: =IF($B12="","",SUMIFS(거래내역!$H$2:$H$501,거래내역!$D$2:$D$501,$B12,거래내역!$C$2:$C$501,2028,거래내역!$F$2:$F$501,"비용")) | L12: =IF($B12="","",J12-K12) | M12: =IF($B12="","",SUMIFS(거래내역!$H$2:$H$501,거래내역!$D$2:$D$501,$B12,거래내역!$C$2:$C$501,2029,거래내역!$F$2:$F$501,"수익")) | N12: =IF($B12="","",SUMIFS(거래내역!$H$2:$H$501,거래내역!$D$2:$D$501,$B12,거래내역!$C$2:$C$501,2029,거래내역!$F$2:$F$501,"비용")) | O12: =IF($B12="","",M12-N12) | P12: =IF($B12="","",SUMIFS(거래내역!$H$2:$H$501,거래내역!$D$2:$D$501,$B12,거래내역!$C$2:$C$501,2030,거래내역!$F$2:$F$501,"수익")) | Q12: =IF($B12="","",SUMIFS(거래내역!$H$2:$H$501,거래내역!$D$2:$D$501,$B12,거래내역!$C$2:$C$501,2030,거래내역!$F$2:$F$501,"비용")) | R12: =IF($B12="","",P12-Q12) | S12: =IF($B12="","",SUMIFS(거래내역!$H$2:$H$501,거래내역!$D$2:$D$501,$B12,거래내역!$F$2:$F$501,"수익")) | T12: =IF($B12="","",SUMIFS(거래내역!$H$2:$H$501,거래내역!$D$2:$D$501,$B12,거래내역!$F$2:$F$501,"비용")) | U12: =IF($B12="","",S12-T12) | V12: =IF(OR($B12="",S12=0),"",U12/S12)
B13: =IF(프로젝트목록!B11="","",프로젝트목록!B11) | C13: =IF(프로젝트목록!B11="","",프로젝트목록!C11) | D13: =IF($B13="","",SUMIFS(거래내역!$H$2:$H$501,거래내역!$D$2:$D$501,$B13,거래내역!$C$2:$C$501,2026,거래내역!$F$2:$F$501,"수익")) | E13: =IF($B13="","",SUMIFS(거래내역!$H$2:$H$501,거래내역!$D$2:$D$501,$B13,거래내역!$C$2:$C$501,2026,거래내역!$F$2:$F$501,"비용")) | F13: =IF($B13="","",D13-E13) | G13: =IF($B13="","",SUMIFS(거래내역!$H$2:$H$501,거래내역!$D$2:$D$501,$B13,거래내역!$C$2:$C$501,2027,거래내역!$F$2:$F$501,"수익")) | H13: =IF($B13="","",SUMIFS(거래내역!$H$2:$H$501,거래내역!$D$2:$D$501,$B13,거래내역!$C$2:$C$501,2027,거래내역!$F$2:$F$501,"비용")) | I13: =IF($B13="","",G13-H13) | J13: =IF($B13="","",SUMIFS(거래내역!$H$2:$H$501,거래내역!$D$2:$D$501,$B13,거래내역!$C$2:$C$501,2028,거래내역!$F$2:$F$501,"수익")) | K13: =IF($B13="","",SUMIFS(거래내역!$H$2:$H$501,거래내역!$D$2:$D$501,$B13,거래내역!$C$2:$C$501,2028,거래내역!$F$2:$F$501,"비용")) | L13: =IF($B13="","",J13-K13) | M13: =IF($B13="","",SUMIFS(거래내역!$H$2:$H$501,거래내역!$D$2:$D$501,$B13,거래내역!$C$2:$C$501,2029,거래내역!$F$2:$F$501,"수익")) | N13: =IF($B13="","",SUMIFS(거래내역!$H$2:$H$501,거래내역!$D$2:$D$501,$B13,거래내역!$C$2:$C$501,2029,거래내역!$F$2:$F$501,"비용")) | O13: =IF($B13="","",M13-N13) | P13: =IF($B13="","",SUMIFS(거래내역!$H$2:$H$501,거래내역!$D$2:$D$501,$B13,거래내역!$C$2:$C$501,2030,거래내역!$F$2:$F$501,"수익")) | Q13: =IF($B13="","",SUMIFS(거래내역!$H$2:$H$501,거래내역!$D$2:$D$501,$B13,거래내역!$C$2:$C$501,2030,거래내역!$F$2:$F$501,"비용")) | R13: =IF($B13="","",P13-Q13) | S13: =IF($B13="","",SUMIFS(거래내역!$H$2:$H$501,거래내역!$D$2:$D$501,$B13,거래내역!$F$2:$F$501,"수익")) | T13: =IF($B13="","",SUMIFS(거래내역!$H$2:$H$501,거래내역!$D$2:$D$501,$B13,거래내역!$F$2:$F$501,"비용")) | U13: =IF($B13="","",S13-T13) | V13: =IF(OR($B13="",S13=0),"",U13/S13)
B14: =IF(프로젝트목록!B12="","",프로젝트목록!B12) | C14: =IF(프로젝트목록!B12="","",프로젝트목록!C12) | D14: =IF($B14="","",SUMIFS(거래내역!$H$2:$H$501,거래내역!$D$2:$D$501,$B14,거래내역!$C$2:$C$501,2026,거래내역!$F$2:$F$501,"수익")) | E14: =IF($B14="","",SUMIFS(거래내역!$H$2:$H$501,거래내역!$D$2:$D$501,$B14,거래내역!$C$2:$C$501,2026,거래내역!$F$2:$F$501,"비용")) | F14: =IF($B14="","",D14-E14) | G14: =IF($B14="","",SUMIFS(거래내역!$H$2:$H$501,거래내역!$D$2:$D$501,$B14,거래내역!$C$2:$C$501,2027,거래내역!$F$2:$F$501,"수익")) | H14: =IF($B14="","",SUMIFS(거래내역!$H$2:$H$501,거래내역!$D$2:$D$501,$B14,거래내역!$C$2:$C$501,2027,거래내역!$F$2:$F$501,"비용")) | I14: =IF($B14="","",G14-H14) | J14: =IF($B14="","",SUMIFS(거래내역!$H$2:$H$501,거래내역!$D$2:$D$501,$B14,거래내역!$C$2:$C$501,2028,거래내역!$F$2:$F$501,"수익")) | K14: =IF($B14="","",SUMIFS(거래내역!$H$2:$H$501,거래내역!$D$2:$D$501,$B14,거래내역!$C$2:$C$501,2028,거래내역!$F$2:$F$501,"비용")) | L14: =IF($B14="","",J14-K14) | M14: =IF($B14="","",SUMIFS(거래내역!$H$2:$H$501,거래내역!$D$2:$D$501,$B14,거래내역!$C$2:$C$501,2029,거래내역!$F$2:$F$501,"수익")) | N14: =IF($B14="","",SUMIFS(거래내역!$H$2:$H$501,거래내역!$D$2:$D$501,$B14,거래내역!$C$2:$C$501,2029,거래내역!$F$2:$F$501,"비용")) | O14: =IF($B14="","",M14-N14) | P14: =IF($B14="","",SUMIFS(거래내역!$H$2:$H$501,거래내역!$D$2:$D$501,$B14,거래내역!$C$2:$C$501,2030,거래내역!$F$2:$F$501,"수익")) | Q14: =IF($B14="","",SUMIFS(거래내역!$H$2:$H$501,거래내역!$D$2:$D$501,$B14,거래내역!$C$2:$C$501,2030,거래내역!$F$2:$F$501,"비용")) | R14: =IF($B14="","",P14-Q14) | S14: =IF($B14="","",SUMIFS(거래내역!$H$2:$H$501,거래내역!$D$2:$D$501,$B14,거래내역!$F$2:$F$501,"수익")) | T14: =IF($B14="","",SUMIFS(거래내역!$H$2:$H$501,거래내역!$D$2:$D$501,$B14,거래내역!$F$2:$F$501,"비용")) | U14: =IF($B14="","",S14-T14) | V14: =IF(OR($B14="",S14=0),"",U14/S14)
B15: =IF(프로젝트목록!B13="","",프로젝트목록!B13) | C15: =IF(프로젝트목록!B13="","",프로젝트목록!C13) | D15: =IF($B15="","",SUMIFS(거래내역!$H$2:$H$501,거래내역!$D$2:$D$501,$B15,거래내역!$C$2:$C$501,2026,거래내역!$F$2:$F$501,"수익")) | E15: =IF($B15="","",SUMIFS(거래내역!$H$2:$H$501,거래내역!$D$2:$D$501,$B15,거래내역!$C$2:$C$501,2026,거래내역!$F$2:$F$501,"비용")) | F15: =IF($B15="","",D15-E15) | G15: =IF($B15="","",SUMIFS(거래내역!$H$2:$H$501,거래내역!$D$2:$D$501,$B15,거래내역!$C$2:$C$501,2027,거래내역!$F$2:$F$501,"수익")) | H15: =IF($B15="","",SUMIFS(거래내역!$H$2:$H$501,거래내역!$D$2:$D$501,$B15,거래내역!$C$2:$C$501,2027,거래내역!$F$2:$F$501,"비용")) | I15: =IF($B15="","",G15-H15) | J15: =IF($B15="","",SUMIFS(거래내역!$H$2:$H$501,거래내역!$D$2:$D$501,$B15,거래내역!$C$2:$C$501,2028,거래내역!$F$2:$F$501,"수익")) | K15: =IF($B15="","",SUMIFS(거래내역!$H$2:$H$501,거래내역!$D$2:$D$501,$B15,거래내역!$C$2:$C$501,2028,거래내역!$F$2:$F$501,"비용")) | L15: =IF($B15="","",J15-K15) | M15: =IF($B15="","",SUMIFS(거래내역!$H$2:$H$501,거래내역!$D$2:$D$501,$B15,거래내역!$C$2:$C$501,2029,거래내역!$F$2:$F$501,"수익")) | N15: =IF($B15="","",SUMIFS(거래내역!$H$2:$H$501,거래내역!$D$2:$D$501,$B15,거래내역!$C$2:$C$501,2029,거래내역!$F$2:$F$501,"비용")) | O15: =IF($B15="","",M15-N15) | P15: =IF($B15="","",SUMIFS(거래내역!$H$2:$H$501,거래내역!$D$2:$D$501,$B15,거래내역!$C$2:$C$501,2030,거래내역!$F$2:$F$501,"수익")) | Q15: =IF($B15="","",SUMIFS(거래내역!$H$2:$H$501,거래내역!$D$2:$D$501,$B15,거래내역!$C$2:$C$501,2030,거래내역!$F$2:$F$501,"비용")) | R15: =IF($B15="","",P15-Q15) | S15: =IF($B15="","",SUMIFS(거래내역!$H$2:$H$501,거래내역!$D$2:$D$501,$B15,거래내역!$F$2:$F$501,"수익")) | T15: =IF($B15="","",SUMIFS(거래내역!$H$2:$H$501,거래내역!$D$2:$D$501,$B15,거래내역!$F$2:$F$501,"비용")) | U15: =IF($B15="","",S15-T15) | V15: =IF(OR($B15="",S15=0),"",U15/S15)
... B33: =IF(프로젝트목록!B31="","",프로젝트목록!B31) | C33: =IF(프로젝트목록!B31="","",프로젝트목록!C31) | D33: =IF($B33="","",SUMIFS(거래내역!$H$2:$H$501,거래내역!$D$2:$D$501,$B33,거래내역!$C$2:$C$501,2026,거래내역!$F$2:$F$501,"수익")) | E33: =IF($B33="","",SUMIFS(거래내역!$H$2:$H$501,거래내역!$D$2:$D$501,$B33,거래내역!$C$2:$C$501,2026,거래내역!$F$2:$F$501,"비용")) | F33: =IF($B33="","",D33-E33) | G33: =IF($B33="","",SUMIFS(거래내역!$H$2:$H$501,거래내역!$D$2:$D$501,$B33,거래내역!$C$2:$C$501,2027,거래내역!$F$2:$F$501,"수익")) | H33: =IF($B33="","",SUMIFS(거래내역!$H$2:$H$501,거래내역!$D$2:$D$501,$B33,거래내역!$C$2:$C$501,2027,거래내역!$F$2:$F$501,"비용")) | I33: =IF($B33="","",G33-H33) | J33: =IF($B33="","",SUMIFS(거래내역!$H$2:$H$501,거래내역!$D$2:$D$501,$B33,거래내역!$C$2:$C$501,2028,거래내역!$F$2:$F$501,"수익")) | K33: =IF($B33="","",SUMIFS(거래내역!$H$2:$H$501,거래내역!$D$2:$D$501,$B33,거래내역!$C$2:$C$501,2028,거래내역!$F$2:$F$501,"비용")) | L33: =IF($B33="","",J33-K33) | M33: =IF($B33="","",SUMIFS(거래내역!$H$2:$H$501,거래내역!$D$2:$D$501,$B33,거래내역!$C$2:$C$501,2029,거래내역!$F$2:$F$501,"수익")) | N33: =IF($B33="","",SUMIFS(거래내역!$H$2:$H$501,거래내역!$D$2:$D$501,$B33,거래내역!$C$2:$C$501,2029,거래내역!$F$2:$F$501,"비용")) | O33: =IF($B33="","",M33-N33) | P33: =IF($B33="","",SUMIFS(거래내역!$H$2:$H$501,거래내역!$D$2:$D$501,$B33,거래내역!$C$2:$C$501,2030,거래내역!$F$2:$F$501,"수익")) | Q33: =IF($B33="","",SUMIFS(거래내역!$H$2:$H$501,거래내역!$D$2:$D$501,$B33,거래내역!$C$2:$C$501,2030,거래내역!$F$2:$F$501,"비용")) | R33: =IF($B33="","",P33-Q33) | S33: =IF($B33="","",SUMIFS(거래내역!$H$2:$H$501,거래내역!$D$2:$D$501,$B33,거래내역!$F$2:$F$501,"수익")) | T33: =IF($B33="","",SUMIFS(거래내역!$H$2:$H$501,거래내역!$D$2:$D$501,$B33,거래내역!$F$2:$F$501,"비용")) | U33: =IF($B33="","",S33-T33) | V33: =IF(OR($B33="",S33=0),"",U33/S33)
B34: 합계 | D34: =SUM(D4:D33) -> 1250000 | E34: =SUM(E4:E33) -> 180000 | F34: =SUM(F4:F33) -> 1070000 | G34: =SUM(G4:G33) -> 0 | H34: =SUM(H4:H33) -> 0 | I34: =SUM(I4:I33) -> 0 | J34: =SUM(J4:J33) -> 0 | K34: =SUM(K4:K33) -> 0 | ... U34: =SUM(U4:U33) -> 1070000 | V34: =IFERROR(U34/S34,"") -> 0.856
B36: ※ 2031년 이후 데이터가 필요하면, 임의의 연도 3열 블록을 복사해 오른쪽에 붙여넣고 연도 숫자만 바꿔주세요 (SUMIFS 수식의 연도 조건만 수정).

Sheet 대시보드
B1: 프로젝트별 P&L 대시보드
B2: 전체 프로젝트 · 전체 기간 기준 (자동 계산)
B4: 총매출 | C4: 총비용 | D4: 순이익 | E4: 전체 이익률 | F4: 진행중 프로젝트 | G4: 진행완료 프로젝트
B5: =연간요약!S34 -> 1250000 | C5: =연간요약!T34 -> 180000 | D5: =연간요약!U34 -> 1070000 | E5: =연간요약!V34 -> 0.856 | F5: =COUNTIF(프로젝트목록!C2:C201,"진행중") -> 1 | G5: =COUNTIF(프로젝트목록!C2:C201,"진행완료") -> 0
B9: 연도별 전체 합계 (차트 데이터)
B10: 연도 | C10: 2026 | D10: 2027 | E10: 2028 | F10: 2029 | G10: 2030
B11: 매출 | C11: =SUMIFS(거래내역!$H$2:$H$501,거래내역!$C$2:$C$501,2026,거래내역!$F$2:$F$501,"수익") -> 1250000 | D11: =SUMIFS(거래내역!$H$2:$H$501,거래내역!$C$2:$C$501,2027,거래내역!$F$2:$F$501,"수익") -> 0 | E11: =SUMIFS(거래내역!$H$2:$H$501,거래내역!$C$2:$C$501,2028,거래내역!$F$2:$F$501,"수익") -> 0 | F11: =SUMIFS(거래내역!$H$2:$H$501,거래내역!$C$2:$C$501,2029,거래내역!$F$2:$F$501,"수익") -> 0 | G11: =SUMIFS(거래내역!$H$2:$H$501,거래내역!$C$2:$C$501,2030,거래내역!$F$2:$F$501,"수익") -> 0
B12: 비용 | C12: =SUMIFS(거래내역!$H$2:$H$501,거래내역!$C$2:$C$501,2026,거래내역!$F$2:$F$501,"비용") -> 180000 | D12: =SUMIFS(거래내역!$H$2:$H$501,거래내역!$C$2:$C$501,2027,거래내역!$F$2:$F$501,"비용") -> 0 | E12: =SUMIFS(거래내역!$H$2:$H$501,거래내역!$C$2:$C$501,2028,거래내역!$F$2:$F$501,"비용") -> 0 | F12: =SUMIFS(거래내역!$H$2:$H$501,거래내역!$C$2:$C$501,2029,거래내역!$F$2:$F$501,"비용") -> 0 | G12: =SUMIFS(거래내역!$H$2:$H$501,거래내역!$C$2:$C$501,2030,거래내역!$F$2:$F$501,"비용") -> 0
B13: 순이익 | C13: =C11-C12 -> 1070000 | D13: =D11-D12 -> 0 | E13: =E11-E12 -> 0 | F13: =F11-F12 -> 0 | G13: =G11-G12 -> 0
B33: ※ 이 시트는 자동 계산 결과입니다. 값을 바꾸려면 '거래내역' 시트에 데이터를 입력/수정하세요.
